{"mean": [4.116102930799266, 87.57895473854944, 73.00552198104882, 71.30735938761902, 58.553048888783266, 1.1659369686909713, 1.0641838193192856, 115.63388085803149, 33.23459607046744, 44.404423329359126, 41.459743872378894, 769.5255301110791, 870.3815586648802, 737.3764607518727, 832.698256654711, 1.2995388650797155, 0.9269873920969646, 572.3841275814425, 483.6537419722232, 215.69214352311457, 224.11327363754955, 158.0087816450398, 134.7391537747004, 144.4705987110406, 121.00456950947375, 1.2681137151636603, 1.1314569958877612, 139.36435056687208, 51.38438454155218, 51.61583166284514, 52.35523855515716, 6112.552328677251, 5268.037356177485, 3461.031142559056, 3117.483074828543, 1.072727308948941, 0.8562782372620491, 8667.884724368672, 2903.5561408306303, 3417.8752410665506, 3320.1074968532416, 76.8575874992821, 92.69979345238072, 54.33098185521444, 72.39280233378409, 1.0705518856857867, 0.7709741036243601, 120.76459142869307, 59.34938462351041, 48.926013277960664, 44.421890911142086, 14.270510588855661, 13.822272323605171, 10.110200793212758, 10.114385853751871, 1.0936515884174927, 0.9143226298019171, 21.144960624735038, 8.220848162955097, 8.325682548940598, 7.719754257506832, 89.69271515165113, 81.53258128637889, 29.810634120107352, 27.27625287473484, 0.7278355926422463, 0.5401431699197647, 250.96426008517696, 62.050575765638285, 98.97192084741107, 96.26121401645217, 3.1980021520455777, 3.152887693840089, 3.056269244400215, 3.055618671382089, 1.2960481765231537, 1.0531386688851092, 2.0415863009832056, 1.4834258182056892, 0.8395792956505531, 0.674177014106601], "std": [1.4385118577235312, 29.65282846249867, 33.47866954949544, 31.017931471088307, 36.64703798883055, 0.36444743214818714, 0.4010724841177087, 54.59876955971768, 26.96514465968178, 20.02389813585308, 19.973756076779345, 87.33764074334299, 143.24939403056632, 78.11765764451597, 119.71118782363608, 0.38135520787382265, 0.3336937135402511, 309.5015373382628, 223.92187933301534, 109.92000723497745, 127.88674802878727, 20.091578344726347, 28.78247024446893, 22.055195617684088, 35.83057559003176, 0.37485031454690304, 0.40676318609515705, 67.23939711707112, 35.01283653658903, 22.88466948198724, 25.282206487717794, 2846.3843666723124, 3221.2970536798593, 3703.6369270817363, 3975.5639730241055, 0.34192204067595516, 0.31947468548911556, 4095.020865141285, 2398.257157822343, 1672.8367551853812, 1611.0240869561856, 27.673714021466278, 32.26299519688577, 28.96111461836206, 31.621437562837063, 0.34296036036247235, 0.28572651760134354, 58.672169645980304, 28.606407831037004, 21.727539030622847, 20.418064591676718, 11.198277564162973, 14.198644670507338, 9.940091335260592, 13.038487889829865, 0.37552716182332657, 0.36984948521084543, 20.36991866011466, 11.414573432359543, 8.671543128752537, 7.287942456063278, 38.5127439588701, 45.51401341487949, 34.01325890373319, 40.151250159421295, 0.3257852295893467, 0.3181564702008766, 158.6662242717734, 43.115790836257126, 60.12736408364277, 63.69732590624183, 1.0446474385061195, 1.1913037904234376, 1.046260130070232, 1.1748461495018432, 0.39259815150097915, 0.37992362963675935, 1.2420180816628854, 0.9779740484483698, 0.48452806104915935, 0.4554931393806732]}